question,new_question,answer,code,note,function,check,api_num,library,category,gpt-4o-mini,code_answer,exec_result,gpt_check_result,gpt_check_reason
"Given rectangle1 with its two vertex coordinates being (15,15) and (30,30) and rectangle2 with its two vertex coordinates being (25,25) and (50,50), can you use Rectangle.isdisjoint function in igraph to tell me whether the two rectangles have intersection?

Notes: You need to print the result.","In the realm of medical research, let's say we're analyzing the spatial distribution of two potential drug compound regions within a given therapeutic landscape. Consider 'rectangle1' representing the bioavailability domain of compound A, demarcated by vertex coordinates at the molecular level of (15,15) and (30,30). Likewise, consider 'rectangle2' exemplifying the bioactivity domain of compound B, with its molecular boundary defined by vertex coordinates (25,25) and (50,50).

For our analysis, it is crucial to determine whether the domains of compound A and compound B have any overlap, as this could suggest competitive interaction or synergistic potential. To ascertain this, we would typically utilize the `Rectangle.isdisjoint` function in igraph.

Could you integrate this analysis into our dataset and inform us on whether the bioavailability domain of compound A is disjoint from the bioactivity domain of compound B? Please ensure the output of your analysis is conveyed effectively within our research documentation.","False
","from igraph.drawing.utils import Rectangle

# create two rectangles
r1 = Rectangle(15, 15, 30, 30)
r2 = Rectangle(25, 25, 50, 50)

have_no_intersection = r1.isdisjoint(r2)

# print the result
print(have_no_intersection)",True/False,Rectangle.isdisjoint,check_answer,single,igraph,basic graph theory,"To determine whether the bioavailability domain of compound A (rectangle1) and the bioactivity domain of compound B (rectangle2) overlap, we can use the concept of rectangles in a 2D space. The coordinates provided for the rectangles are:

- **Rectangle 1 (Compound A)**: 
  - Bottom-left corner: (15, 15)
  - Top-right corner: (30, 30)

- **Rectangle 2 (Compound B)**: 
  - Bottom-left corner: (25, 25)
  - Top-right corner: (50, 50)

To check if these two rectangles overlap, we can use the following conditions:

1. Rectangle A is to the left of Rectangle B: `A.right < B.left`
2. Rectangle A is to the right of Rectangle B: `A.left > B.right`
3. Rectangle A is above Rectangle B: `A.bottom < B.top`
4. Rectangle A is below Rectangle B: `A.top > B.bottom`

If none of these conditions are true, then the rectangles overlap.

Here’s how you can implement this in Python:

```python
# Define the rectangles using their coordinates
rectangle1 = {
    'left': 15,
    'bottom': 15,
    'right': 30,
    'top': 30
}

rectangle2 = {
    'left': 25,
    'bottom': 25,
    'right': 50,
    'top': 50
}

# Function to check if two rectangles are disjoint
def are_rectangles_disjoint(rect1, rect2):
    return (rect1['right'] < rect2['left'] or  # A is to the left of B
            rect1['left'] > rect2['right'] or  # A is to the right of B
            rect1['top'] < rect2['bottom'] or   # A is below B
            rect1['bottom'] > rect2['top'])     # A is above B

# Check if the rectangles are disjoint
disjoint = are_rectangles_disjoint(rectangle1, rectangle2)

# Output the result
if disjoint:
    print(""The bioavailability domain of compound A is disjoint from the bioactivity domain of compound B."")
else:
    print(""The bioavailability domain of compound A overlaps with the bioactivity domain of compound B."")
```

### Output of the Analysis
When you run the above code, it will check the conditions for overlap and print the result. 

In this case, since the bottom-left corner of rectangle2 (25, 25) is within the bounds of rectangle1 (15, 15) to (30, 30), the output will indicate that the two rectangles overlap.

### Conclusion
The bioavailability domain of compound A is **not disjoint** from the bioactivity domain of compound B, suggesting potential competitive interaction or synergistic potential between the two compounds. This finding should be documented in your research analysis.","
# Define the rectangles using their coordinates
rectangle1 = {
    'left': 15,
    'bottom': 15,
    'right': 30,
    'top': 30
}

rectangle2 = {
    'left': 25,
    'bottom': 25,
    'right': 50,
    'top': 50
}

# Function to check if two rectangles are disjoint
def are_rectangles_disjoint(rect1, rect2):
    return (rect1['right'] < rect2['left'] or  # A is to the left of B
            rect1['left'] > rect2['right'] or  # A is to the right of B
            rect1['top'] < rect2['bottom'] or   # A is below B
            rect1['bottom'] > rect2['top'])     # A is above B

# Check if the rectangles are disjoint
disjoint = are_rectangles_disjoint(rectangle1, rectangle2)

# Output the result
if disjoint:
    print(""The bioavailability domain of compound A is disjoint from the bioactivity domain of compound B."")
else:
    print(""The bioavailability domain of compound A overlaps with the bioactivity domain of compound B."")
","The bioavailability domain of compound A overlaps with the bioactivity domain of compound B.
",1.0,"The student's answer correctly identifies that there is an overlap between the two domains, which aligns with the reference answer indicating that they are not disjoint (False)."
"Given a graph which you can read from graph18.gml, can you use crossing function in igraph to judge whether the edge is between clusters?

Notes: You need to print the result like this:
```python
for idx, edge in enumerate(g.es):
    print(f""Edge {edge.tuple} crosses communities: {crossing_edges[idx]}"")
```","As a Computer Systems Analyst, I have been tasked with scrutinizing the structure and interconnectedness of a network delineated within the 'graph18.gml' file. A focal point of my assessment involves distinguishing edges that serve as linkages between discrete clusters or communities within the network's topology. This demarcation is pivotal for recognizing the inter-community communication pathways and potentially improving network integrity and performance.

To facilitate this evaluation, the use of the 'crossing' function from the igraph library offers a method to programmatically determine whether a given edge indeed bridges separate clusters. The output from this investigation should be meticulously documented, providing a clear correspondence between each edge and its community-crossing status.

The objective is to generate a report, structured in Python code comments, that articulates the relationship between each edge and communal boundaries as follows:

```python
for idx, edge in enumerate(g.es):
    print(f""Edge {edge.tuple} crosses communities: {crossing_edges[idx]}"")
```

Here, 'g.es' represents the enumeration of edges within the graph, and 'crossing_edges' holds a list of boolean values indicating whether the respective edges traverse between clusters. The completion of this analysis will yield insights into the architecture of the network, supporting informed decisions on optimization and enhancements moving forward.",FALSE,"import igraph as ig

# Create an example graph
g = ig.read('graph18.gml')

# Create a VertexCover object from the communities
vertex_cover = ig.VertexCover(g)

# The crossing method would return a boolean list where True indicates that the edge is between clusters
crossing_edges = vertex_cover.crossing()

# Print the result
print(all(crossing_edges))",True/False,crossing,check_answer,single,igraph,basic graph theory,"To analyze the network structure in the 'graph18.gml' file and identify edges that cross between different communities, you can use the `igraph` library in Python. Below is a Python script that accomplishes this task, including comments that explain each step of the process.

Make sure you have the `igraph` library installed. If you haven't installed it yet, you can do so using pip:

```bash
pip install python-igraph
```

Here’s the Python code to perform the analysis:

```python
import igraph as ig

# Load the graph from the GML file
g = ig.Graph.Read_GML('graph18.gml')

# Detect communities using a community detection algorithm
# Here we use the Louvain method as an example
communities = g.community_multilevel()

# Create a list to store whether each edge crosses communities
crossing_edges = []

# Create a mapping of vertex to community
vertex_to_community = {v.index: c for c, community in enumerate(communities) for v in community}

# Iterate over each edge in the graph
for edge in g.es:
    # Get the vertices of the edge
    source_community = vertex_to_community[edge.source]
    target_community = vertex_to_community[edge.target]
    
    # Check if the edge crosses communities
    crosses = source_community != target_community
    crossing_edges.append(crosses)

# Generate the report
for idx, edge in enumerate(g.es):
    print(f""Edge {edge.tuple} crosses communities: {crossing_edges[idx]}"")
```

### Explanation of the Code:

1. **Import the igraph library**: This library provides tools for graph analysis and manipulation.

2. **Load the graph**: The graph is read from the 'graph18.gml' file using `Graph.Read_GML`.

3. **Detect communities**: The `community_multilevel` method is used to detect communities within the graph. This method is based on the Louvain algorithm, which is effective for large networks.

4. **Map vertices to communities**: A dictionary is created to map each vertex to its corresponding community index.

5. **Check each edge**: For each edge in the graph, the communities of the source and target vertices are checked. If they belong to different communities, the edge is marked as crossing.

6. **Generate the report**: Finally, the results are printed, indicating whether each edge crosses community boundaries.

### Output:
The output will list each edge in the graph along with a boolean indicating whether it crosses between different communities. This information can be used to understand the inter-community connections and improve network performance.","
import igraph as ig

# Load the graph from the GML file
g = ig.Graph.Read_GML('graph18.gml')

# Detect communities using a community detection algorithm
# Here we use the Louvain method as an example
communities = g.community_multilevel()

# Create a list to store whether each edge crosses communities
crossing_edges = []

# Create a mapping of vertex to community
vertex_to_community = {v.index: c for c, community in enumerate(communities) for v in community}

# Iterate over each edge in the graph
for edge in g.es:
    # Get the vertices of the edge
    source_community = vertex_to_community[edge.source]
    target_community = vertex_to_community[edge.target]
    
    # Check if the edge crosses communities
    crosses = source_community != target_community
    crossing_edges.append(crosses)

# Generate the report
for idx, edge in enumerate(g.es):
    print(f""Edge {edge.tuple} crosses communities: {crossing_edges[idx]}"")
",AttributeError,0.0,The student answer contains error message.
"Given graph g1 with edge set [(1, 3), (2, 3), (0, 6), (1, 6), (3, 6), (4, 6), (2, 7), (4, 7), (5, 7), (6, 7), (2, 8), (3, 8), (5, 8), (0, 10), (3, 10), (5, 10), (7, 10), (9, 10)], graph g2 with edge set [(0, 1), (0, 3), (2, 3), (0, 4), (3, 4), (0, 5), (1, 5), (4, 5), (0, 6), (1, 6), (2, 6), (3, 6), (0, 7), (1, 7)], can you use isomorphic function in igraph to check if g1 is isomorphic to g2?

Notes: You need to print the result directly.","Imagine that as a horticulturist, you have meticulously designed two distinct layout plans for an arboretum. Each layout represents a network of pathways connecting various zones where different plant species are cultivated. The first layout, which we can refer to as ""Arboretum Design A,"" has pathways according to the following connections: Root Bridge 1-3, Blossom Trail 2-3, Canopy Walk 0-6, Root Bridge 1-6, High Grove Path 3-6, Orchard Lane 4-6, Fern Gully Track 2-7, Orchard Lane 4-7, Wildflower Way 5-7, High Grove Path 6-7, Fern Gully Track 2-8, High Grove Path 3-8, Wildflower Way 5-8, Ancient Tree Avenue 0-10, High Grove Path 3-10, Wildflower Way 5-10, Enchanted Loop 7-10, and Butterfly Boulevard 9-10. 

On the other hand, your second plan, ""Arboretum Design B,"" features the following walkways: Genesis Grove 0-1, Genesis Grove 0-3, Blossom Trail 2-3, Genesis Grove 0-4, High Grove Path 3-4, Genesis Grove 0-5, Blooming Arch 1-5, Orchard Lane 4-5, Genesis Grove 0-6, Blooming Arch 1-6, Fern Gully Track 2-6, High Grove Path 3-6, Genesis Grove 0-7, and Blooming Arch 1-7.

You're now contemplating whether these designs, with their intricate networks of trails and plant zones, are simply varying illustrations of the same foundational pattern, in other words, if they are isomorphic to one another. To find out, you plan on using the 'isomorphic' function in the digital tool igraph that acts like an expert system in determining the equivalence of such patterns. Your task would be to feed the connection data into this tool and report back whether Arboretum Design A is fundamentally the same as Arboretum Design B in terms of their layout patterns.",FALSE,"from igraph import Graph

# Create the first graph
g1 = Graph(edges=[(1, 3), (2, 3), (0, 6), (1, 6), (3, 6), (4, 6), (2, 7), (4, 7), (5, 7), (6, 7), (2, 8), (3, 8), (5, 8), (0, 10), (3, 10), (5, 10), (7, 10), (9, 10)])

# Create the second graph
g2 = Graph(edges=[(0, 1), (0, 3), (2, 3), (0, 4), (3, 4), (0, 5), (1, 5), (4, 5), (0, 6), (1, 6), (2, 6), (3, 6), (0, 7), (1, 7)])
# Check if the first graph is isomorphic to the second graph
is_isomorphic = g1.isomorphic(other=g2)

print(is_isomorphic)",True/False,isomorphic,check_answer,single,igraph,basic graph theory,"To determine whether the two arboretum designs are isomorphic using the `igraph` library in Python, we'll follow these steps:

1. Create two graphs representing the designs.
2. Add the edges (connections) according to the provided data for both designs.
3. Use the `isomorphic` function to check for equivalence.

We'll start by ensuring you have the `python-igraph` library installed. You can install it using pip if you haven't done so already:

```bash
pip install python-igraph
```

Here is a Python script that performs the necessary operations to check whether Arboretum Design A is isomorphic to Arboretum Design B:

```python
from igraph import Graph

# Define the connections for Arboretum Design A
connections_a = [
    (1, 3), (2, 3), (0, 6), (1, 6), 
    (3, 6), (4, 6), (2, 7), (4, 7), 
    (5, 7), (6, 7), (2, 8), (3, 8), 
    (5, 8), (0, 10), (3, 10), (5, 10), 
    (7, 10), (9, 10)
]

# Define the connections for Arboretum Design B
connections_b = [
    (0, 1), (0, 3), (2, 3), (0, 4),
    (3, 4), (1, 5), (4, 5), (0, 6),
    (1, 6), (2, 6), (3, 6), (0, 7),
    (1, 7)
]

# Create the graphs
graph_a = Graph()
graph_b = Graph()

# Add edges to Design A
graph_a.add_vertices(11)  # The highest index is 10
graph_a.add_edges(connections_a)

# Add edges to Design B
graph_b.add_vertices(8)   # The highest index is 7
graph_b.add_edges(connections_b)

# Check for isomorphism using the isomorphic method
is_isomorphic = graph_a.isomorphic(graph_b)

# Output the result
print(""Is Arboretum Design A isomorphic to Arboretum Design B?"", is_isomorphic)
```

### Explanation:
- We create two graphs (`graph_a` and `graph_b`).
- For each graph, we add vertices. The number of vertices corresponds to the highest index in the connections provided.
- We add the edges based on the connections given in your designs.
- Finally, we use the `isomorphic` method to check if one graph can be transformed into the other by renaming vertices.

### Note:
- The specific vertex count (`add_vertices`) reflects the highest numbered node in each design.
- It's essential to ensure that the vertices and edges are added correctly to reflect the designs accurately.

Once you run the script, it will print whether the two arboretum designs are isomorphic.","
from igraph import Graph

# Define the connections for Arboretum Design A
connections_a = [
    (1, 3), (2, 3), (0, 6), (1, 6), 
    (3, 6), (4, 6), (2, 7), (4, 7), 
    (5, 7), (6, 7), (2, 8), (3, 8), 
    (5, 8), (0, 10), (3, 10), (5, 10), 
    (7, 10), (9, 10)
]

# Define the connections for Arboretum Design B
connections_b = [
    (0, 1), (0, 3), (2, 3), (0, 4),
    (3, 4), (1, 5), (4, 5), (0, 6),
    (1, 6), (2, 6), (3, 6), (0, 7),
    (1, 7)
]

# Create the graphs
graph_a = Graph()
graph_b = Graph()

# Add edges to Design A
graph_a.add_vertices(11)  # The highest index is 10
graph_a.add_edges(connections_a)

# Add edges to Design B
graph_b.add_vertices(8)   # The highest index is 7
graph_b.add_edges(connections_b)

# Check for isomorphism using the isomorphic method
is_isomorphic = graph_a.isomorphic(graph_b)

# Output the result
print(""Is Arboretum Design A isomorphic to Arboretum Design B?"", is_isomorphic)
","Is Arboretum Design A isomorphic to Arboretum Design B? False
",1.0,"The student's answer correctly identifies that Arboretum Design A is not isomorphic to Arboretum Design B, which is consistent with the reference answer of FALSE."
"Given a graph which you can read from graph27.gml, can you use is_simple function to check whether the graph is simple?

Notes: You need to print the result directly.","Imagine we're charting the course of our brand's network, noting the connections between various stakeholders and campaign efforts. We've visualized this complex web of interactions in a graph, meticulously stored in ""graph27.gml."" Now, to ensure our strategic outlook is based on a clear understanding of the network, we need to confirm whether our graph portrays a straightforward, unduplicated, and loop-free structure - in technical terms, a ""simple"" graph. Let's proceed by utilizing the 'is_simple' function to assess the purity of our graph's architecture. It's crucial to report the findings directly as they will inform our brand strategy moving forward. Can we verify the simplicity of our branded network through this method?","True
","from igraph import Graph

g = ig.read('graph27.gml')

# Check if the graph is simple
is_simple = g.is_simple()

print(is_simple)",True/False,is_simple,check_answer,single,igraph,basic graph theory,"To determine whether your graph stored in ""graph27.gml"" is a simple graph, you can use Python with the NetworkX library. A simple graph is defined as one that does not contain multiple edges between the same pair of nodes or any self-loops. 

Here’s how you can check this using the `is_simple` function in NetworkX:

1. First, you need to install the NetworkX library if you haven’t already. You can do this using pip:

   ```bash
   pip install networkx
   ```

2. Now, you can use the following Python code to load the graph from the GML file and check its simplicity:

```python
import networkx as nx

# Load the graph from the GML file
graph = nx.read_gml(""graph27.gml"")

# Check if the graph is simple
is_simple_graph = nx.is_simple_path(graph)

# Report the findings
if is_simple_graph:
    print(""The graph is simple: it has no loops and no multiple edges between the same nodes."")
else:
    print(""The graph is not simple: it contains loops or multiple edges between the same nodes."")
```

### Explanation of the Code:
- `nx.read_gml(""graph27.gml"")` loads the graph from the specified GML file.
- `nx.is_simple_path(graph)` checks if the graph is simple or not. Note: Change to use the correct function, as NetworkX doesn't provide a direct `is_simple` function. You can define the logic to check for loops and multiple edges.
  
### Direct Check on Simplicity:
Here's the full check without the predefined convenience functions:

```python
import networkx as nx

# Load the graph from the GML file
graph = nx.read_gml(""graph27.gml"")

# Check if the graph is simple
has_loops = any(graph.has_edge(n, n) for n in graph.nodes())
has_multiple_edges = any(graph.number_of_edges(u, v) > 1 for u, v in graph.edges())

# Reporting findings
if has_loops:
    print(""The graph is not simple: it contains loops."")
elif has_multiple_edges:
    print(""The graph is not simple: it contains multiple edges between some nodes."")
else:
    print(""The graph is simple: it has no loops and no multiple edges between the same nodes."")
```

### Output:
By running this code snippet, you’ll receive a direct report indicating whether your network is a simple graph, which will be instrumental for your brand strategy analysis.","
import networkx as nx

# Load the graph from the GML file
graph = nx.read_gml(""graph27.gml"")

# Check if the graph is simple
is_simple_graph = nx.is_simple_path(graph)

# Report the findings
if is_simple_graph:
    print(""The graph is simple: it has no loops and no multiple edges between the same nodes."")
else:
    print(""The graph is not simple: it contains loops or multiple edges between the same nodes."")


import networkx as nx

# Load the graph from the GML file
graph = nx.read_gml(""graph27.gml"")

# Check if the graph is simple
has_loops = any(graph.has_edge(n, n) for n in graph.nodes())
has_multiple_edges = any(graph.number_of_edges(u, v) > 1 for u, v in graph.edges())

# Reporting findings
if has_loops:
    print(""The graph is not simple: it contains loops."")
elif has_multiple_edges:
    print(""The graph is not simple: it contains multiple edges between some nodes."")
else:
    print(""The graph is simple: it has no loops and no multiple edges between the same nodes."")
",networkx.exception.NetworkXError,0.0,The student answer contains error message.
"Given a graph which you can read from graph26.gml, can you use is_separator function to check whether the set of node0, node1 and node2 is a separator?

Notes: You need to print the result directly.","In the intricate network of our latest glass sculpture installation, imagine we've crafted a complex lattice resembling a grid of interconnected nodes, akin to a social web or a map of pathways through which ideas or influences could flow. Now, I've heard we've got this blueprintrather eloquently captured in a graphical matrix language (GML) file, specifically called ""graph26.gml"", detailing the intricate interconnections of our glass nodes. 

Amidst this lattice, we're contemplating the structural integrity of our artwork, pondering whether excising a trio of nodeslet's call them Node0, Node1, and Node2might divide our piece into distinct, isolated sections. Such nodes, if important, could prove to be pivotal connectors within our glass network. 

Imagine these nodes as crucial junctures or supports within our sculpture, without which the piece might lose its interconnected essence. Do you reckon these particular nodes have the potential to be such critical connectors or 'separators' within our design's topology? It's a question we might mull over as we consider the balance and cohesion of our creative network. If we find that removing these nodes does indeed break the flow of our glass network, we would ensure to maintain or reinforce them to preserve the artistic integrity of our installation.","False
","from igraph import Graph

g = ig.read('graph26.gml')

# Choose a set of vertices to check if it's a separator
vertices_to_check = [0, 1, 2]

# Check if the vertices form a separator
is_separator = g.is_separator(vertices_to_check)

print(is_separator)",True/False,is_separator,check_answer,single,igraph,basic graph theory,"To determine whether the removal of specific nodes (Node0, Node1, and Node2) from your graph will disconnect the graph into separate components, we can use Python with the NetworkX library. This library provides tools for the creation, manipulation, and study of complex networks.

Here's a step-by-step guide on how to approach this problem:

1. **Load the GML file**: Use NetworkX to read the GML file and create a graph.
2. **Check connectivity**: Before removing the nodes, check if the graph is connected. Then, remove the specified nodes and check the connectivity again.
3. **Determine if the graph is still connected**: If the graph becomes disconnected after the removal of the nodes, then those nodes are indeed critical connectors.

Here's a sample Python code to achieve this:

```python
import networkx as nx

# Load the graph from the GML file
graph = nx.read_gml(""graph26.gml"")

# Define the nodes to be removed
nodes_to_remove = ['Node0', 'Node1', 'Node2']

# Check if the original graph is connected
is_connected_before = nx.is_connected(graph)

# Create a copy of the graph to remove nodes from
graph_copy = graph.copy()

# Remove the specified nodes
graph_copy.remove_nodes_from(nodes_to_remove)

# Check if the graph is still connected after removing the nodes
is_connected_after = nx.is_connected(graph_copy)

# Output the results
if is_connected_before:
    print(""The original graph is connected."")
else:
    print(""The original graph is not connected."")

if is_connected_after:
    print(""The graph is still connected after removing the nodes."")
else:
    print(""The graph is disconnected after removing the nodes."")
```

### Explanation of the Code:
- **Importing NetworkX**: We import the NetworkX library to work with graphs.
- **Loading the Graph**: We read the GML file using `nx.read_gml()`, which creates a graph object.
- **Checking Connectivity**: We check if the original graph is connected using `nx.is_connected()`.
- **Removing Nodes**: We create a copy of the graph and remove the specified nodes.
- **Final Connectivity Check**: We check if the modified graph is still connected.
- **Output**: We print the results to see if the removal of the nodes caused disconnection.

### Requirements:
Make sure you have the NetworkX library installed. You can install it using pip if you haven't done so:

```bash
pip install networkx
```

### Conclusion:
Run the above code with your GML file, and it will tell you whether the nodes Node0, Node1, and Node2 are critical connectors in your glass sculpture's network. If the graph becomes disconnected after their removal, you should consider reinforcing those nodes to maintain the integrity of your installation.","
import networkx as nx

# Load the graph from the GML file
graph = nx.read_gml(""graph26.gml"")

# Define the nodes to be removed
nodes_to_remove = ['Node0', 'Node1', 'Node2']

# Check if the original graph is connected
is_connected_before = nx.is_connected(graph)

# Create a copy of the graph to remove nodes from
graph_copy = graph.copy()

# Remove the specified nodes
graph_copy.remove_nodes_from(nodes_to_remove)

# Check if the graph is still connected after removing the nodes
is_connected_after = nx.is_connected(graph_copy)

# Output the results
if is_connected_before:
    print(""The original graph is connected."")
else:
    print(""The original graph is not connected."")

if is_connected_after:
    print(""The graph is still connected after removing the nodes."")
else:
    print(""The graph is disconnected after removing the nodes."")
",networkx.exception.NetworkXError,0.0,The student answer contains error message.
